id,role,type,description,size/ratio,style line ref,source
ghost-player,Playable hero and shared visual baseline,3D model,"Approved smooth white vinyl Ghost character with exact face and silhouette","1.9 hero units","STYLE_FORMULA_V1","reference_media[0]"
ghost-rival-accent,Distinguishes remote players and fallback racers,3D procedural accessory,"Small floating vinyl color ring and name marker attached to Ghost rivals","0.45 hero width","STYLE_FORMULA_V1","generate"
skyway-training-echo,Low-cost fallback racer,3D procedural character,"Purpose-built low-poly Ghost-family training rival with a cool pearl body simple dark face and one accent ring","1.7 hero units","STYLE_FORMULA_V1","generate"
skypark-hub,Social home and return destination,3D procedural environment,"Warm city skate park with authored districts trees courts fountain skyline and a single gold circulation spine","80 x 80 world units","STYLE_FORMULA_V1","generate"
skypark-play-gate,Primary game entry landmark,3D procedural prop,"Large Apple-yellow civic portal with a readable start pad and race signal","4.6 hero heights","STYLE_FORMULA_V1","generate"
skyway-course,Primary first-playable race,3D procedural environment,"Short elevated park course with broad toy-vinyl platforms and visible finish arch","95 x 16 world units","STYLE_FORMULA_V1","generate"
skyway-hazards,Course resistance and mastery beats,3D procedural props,"Two sweepers one sliding gate and three timed stepping pads with distinct rose and plum signals","0.3-2.2 hero heights","STYLE_FORMULA_V1","generate"
game-ui,Entry hub race HUD and results controls,DOM UI,"Quiet warm translucent interface with clear command hierarchy and compact mobile-safe controls","Responsive 16:9 through 9:16","STYLE_FORMULA_V1","generate"
game-audio,Hub race and action feedback,audio,"Soft synthesized park ambience with gentle jump checkpoint countdown finish and UI cues","Ear-safe Web Audio mix","STYLE_FORMULA_V1","generate"
skyway-gold-line,Race shortcut and Blink Bridge route choice,3D procedural environment,"Three narrow always-on yellow stepping pads with dark diamond inlays beside the timed plum route","1.6 x 2.8-3.2 world units","STYLE_FORMULA_V1","code-authored in src/games/obstacle.js"
balloon-gust-dial,Survival escalation timer and arena landmark,3D procedural environment,"Central rose tick dial that turns yellow and rotates during the Final Gust","7.1 world-unit diameter","STYLE_FORMULA_V1","code-authored in src/games/balloon.js"
skypark-activity-rings,Optional district route and next-action signal,3D procedural UI,"Instanced low-profile cream gold and sage rings shown only for an opted-in Beacon Line or Ripple Steps run","0.9 world-unit radius","STYLE_FORMULA_V1","code-authored in src/world/hub-plus.js"
skypark-activity-hud,Optional district objective progress timer and exit,DOM UI,"Warm translucent compact activity card with explicit local objective progress and 44px exit action","Responsive 16:9 through 9:16","STYLE_FORMULA_V1","code-authored in index.html and src/main.js"
tag-role-signal,Tag role and recovery readability,3D procedural UI,"Literal IT sprite with rose cone and ring plus a temporary sage no-tag-back recovery ring","0.8-2.15 world units","STYLE_FORMULA_V1","code-authored in src/games/tag.js"
tag-final-chase-ring,Tag escalation state,3D procedural UI,"Restrained rose arena ring visible only during the bounded Final Chase phase","20.3 world-unit outer diameter","STYLE_FORMULA_V1","code-authored in src/games/tag.js"
creator-template-selector,Creator bounded starting-point choice,DOM UI,"Three original objective cards for Race Survival and Score with safe guidance allowlisted local tags and 44px actions","Responsive 16:9 through 9:16","STYLE_FORMULA_V1","code-authored in src/ugc/editor.js and src/ugc/templates.js"
creator-template-stage,Creator and local template playback presentation,3D procedural environment,"Shared non-colliding raised play island park horizon irregular instanced landforms template route marks cohesive widget palette and exact Goal arch","16 by 16 editor grid with desktop and 390 by 844 fixed playback views","STYLE_FORMULA_V1","code-authored in src/ugc/presentation.js src/ugc/editor.js and src/ugc/discovery.js"
creator-score-star,Creator Score objective marker,3D procedural gameplay prop,"Small animated yellow vinyl octahedron collected by overlap in editor tests and local Discover playback","0.72 world-unit diameter","STYLE_FORMULA_V1","code-authored in src/ugc/editor.js and src/ugc/discovery.js"
skypark-skyloom-beacon,Primary civic north-star and first-play sightline,3D procedural landmark,"Asymmetric coral six aqua seven and warm crown on one graphite civic base","12.7 world units tall","STYLE_FORMULA_V1","code-authored in src/world/hub-plus.js and specified in src/world/skypark-composition.js"
skypark-ripple-pavilion,Water Garden social threshold and route endpoint,3D procedural landmark,"Three vertically stepped aqua and cream wave ribs on restrained graphite posts","9.3 x 3.3 x 3.3 world units","STYLE_FORMULA_V1","code-authored in src/world/hub-plus.js and specified in src/world/skypark-composition.js"
skypark-sunstep-terrace,Sports route endpoint and spectator porch,3D procedural landmark,"Folded gold five-panel canopy with graphite supports and a small coral-centered sun crown","6.2 x 5.3 x 3.0 world units","STYLE_FORMULA_V1","code-authored in src/world/hub-plus.js and specified in src/world/skypark-composition.js"
skypark-route-hierarchy,Connects arrival Play social and activity destinations,3D procedural environment,"One unobstructed Gold Spine plus five named cream secondary walks with sparse action inlays","2.25-4.2 world units wide","STYLE_FORMULA_V1","code-authored in src/world/hub-plus.js and specified in src/world/skypark-composition.js"
public-local-boundary-copy,Player-facing entry Play Chat Social Discover and 67 Show boundary language,DOM UI copy,"Original concise on-device wording that removes internal prototype and playtest labels while explicitly keeping online upload multiplayer persistence and cash-value limits honest","Responsive 1440x900 through 390x844","STYLE_FORMULA_V1","code-authored in index.html src/main.js src/core/navigation.js src/systems/chat.js src/systems/social.js src/ugc/discovery.js and src/games/show67.js"
mobile-interaction-shell,Safe mobile movement modal and return lifecycle,DOM input and UI,"Additive safe-area layout with interrupted-pointer neutralization inert hidden controls during decisions deterministic focus restoration and a compact short-landscape control treatment","390x844 portrait and 844x390 landscape fixed views","STYLE_FORMULA_V1","code-authored in index.html src/input.js src/core/ui.js src/main.js src/core/party-session.js src/games and src/ugc"
accessible-navigation-shell,Keyboard and screen-reader navigation for shell modes panels and UGC,DOM semantics and focus management,"Top-layer modal isolation deterministic focus trapping and restoration labelled navigation status announcements Discover roving tabs and uniquely named repeated actions","1440x900 through 390x844 fixed views","STYLE_FORMULA_V1","code-authored in index.html src/core/ui.js src/main.js src/games/show67.js src/systems/emotes.js src/ugc/discovery.js src/ugc/editor.js and src/games"
skypark-civic-neighborhood-ring,Background city scale and park enclosure,3D procedural environment,"Asymmetric ring of rounded ceramic homes with a continuous arcade rhythm restrained enamel awnings and selected planted roof terraces","22 batched buildings around the non-playable horizon","STYLE_FORMULA_V1","code-authored in src/world.js on 2026-07-28"
skypark-gold-spine-guide-lights,Primary Play route edge and depth rhythm,3D procedural navigation props,"Twelve paired graphite posts with low gold lozenge lights positioned outside the clear walking route","0.82-1.44 world units tall","STYLE_FORMULA_V1","code-authored in src/world.js on 2026-07-28"
